gene	Class
YMR056C	IV
YNL331C	V
YFL056C	VIII
YBL074C	VII
YKL106W	IV
YLR027C	X
YMR072W	VII
YJR108W	III
YCR088W	X
YOR239W	IX
YGR037C	VI
YNR016C	X
YLR131C	VI
YJR083C	V
YBL015W	X
YPL267W	VIII
ACN9	II
YLR304C	X
YJL200C	IV
YKL192C	VI
YLR153C	X
YFL039C	X
YDR448W	VII
YAR015W	IX
YNL220W	IV
YLR359W	X
YMR120C	X
YOR128C	VII
YGR204W	X
ADE5-7	X
YGR061C	X
YDR408C	X
YCL058W-A	V
YOL086C	X
YMR303C	X
YBR145W	IV
YMR318C	X
YMR009W	VII
YDR226W	X
YER170W	IV
YJR105W	X
YDR216W	IX
YLR227C	V
YMR282C	IX
YPL005W	VIII
YEL052W	IX
YLR397C	IX
YER017C	IX
YDR085C	VIII
YGL071W	VI
YPL202C	VII
YGL032C	IV
YCL025C	IV
YBR132C	IX
YFL055W	II
YOR023C	VIII
YCR082W	IX
YLR109W	X
YHR093W	III
Q0050	IX
Q0055	IX
Q0060	IX
Q0065	IX
Q0070	IX
YNR074C	VIII
YAL046C	IX
YER087W	IX
YER093C-A	V
YHL021C	IV
YHR198C	IX
YAL049C	X
YIL158W	VIII
YJL131C	VI
YJR080C	IX
YKR074W	IV
YBR108W	VIII
AIM31	VII
YML087C	X
AIM37	IX
YOR215C	IX
YPR004C	VIII
YHR199C	IX
AIM5	VII
YDR063W	VI
YIL079C	IV
YDL175C	III
YBR059C	VIII
YDR264C	VII
YOR335C	X
YJL122W	VI
YMR169C	III
YOR374W	X
YER073W	IV
YPL061W	X
YOR175C	X
YBR110W	VIII
YNR030W	VIII
YGL047W	IV
YBR070C	VI
YBL082C	IX
YOR002W	IX
YOR067C	IX
YNL219C	IX
YGL021W	VIII
YBL009W	IX
YFL050C	VII
YLR089C	IV
YDR111C	IX
YKR021W	VIII
YML035C	X
YDR242W	III
YBR211C	VIII
YBR158W	VI
YJR047C	IV
YEL036C	VIII
YCL050C	X
YDR530C	VII
YNL172W	X
YLR127C	VI
YOR249C	V
YBR151W	IX
YKL157W	X
YBR286W	X
YJR005W	VI
YKL135C	VIII
YPR029C	VIII
YPL195W	VIII
YPL259C	IX
YHL019C	VIII
YIL040W	IX
YLR170C	V
YML022W	X
YDR441C	IV
YNL065W	IV
YBR149W	X
YER036C	X
YGL105W	X
YIL062C	VIII
YLR370C	VI
YHR013C	VI
YCR048W	X
YDL192W	X
YDL137W	VI
YOR094W	VII
YOL058W	IV
YJL071W	IX
YJL088W	IV
YHR018C	IV
ARG5-6	IV
YOL140W	IX
YMR042W	VIII
YML099C	VIII
YDR173C	II
YGL157W	IV
YBR164C	IX
YHL040C	II
YHL047C	IV
YDR127W	X
YGL148W	X
YDR035W	X
YBR249C	IV
YPR060C	VI
YHR137W	II
YDR106W	II
YDL029W	IX
YJR065C	IX
YLR085C	VIII
YPR034W	VIII
YOR141C	VI
YMR033W	VI
YLR392C	IV
YMR116C	X
YOR058C	VI
YJL115W	VII
YDL197C	IV
YIL130W	VI
YMR119W	I
YNL008C	VIII
YKL052C	VIII
YGR097W	IV
YDL088C	IX
YPR145W	VIII
YGR124W	X
YDR321W	X
YLR157C	X
YLR158C	X
YLR160C	X
YPR093C	I
YBL069W	VIII
YER101C	IV
YDR184C	VI
YGL017W	VII
YOR377W	VIII
YGR177C	II
YLL042C	II
YBR128C	VII
YCR068W	VII
YFR021W	VI
YOL082W	II
YNL242W	VI
YDL113C	IX
YCL038C	VIII
YLR431C	II
YLR189C	IX
YJL178C	VII
YPL166W	IX
YIL146C	IX
YPL149W	VIII
YDR384C	IX
YBL099W	X
YLR295C	VII
YPL271W	V
YDL004W	X
YDR377W	IX
YML081C-A	V
YOL077W-A	V
YJR121W	X
YNR020C	IX
YMR098C	IV
YBR039W	IX
YPL078C	VIII
Q0085	IX
YKL004W	X
YJR001W	IV
YEL064C	IX
YBL089W	IV
YER119C	VIII
YIL088C	VIII
YOR134W	II
YBR068C	IV
YDR046C	IV
YIL015W	IX
YKR099W	IX
YJR148W	IV
YPL255W	VIII
YMR237W	X
YKR027W	V
YJL095W	IX
YER167W	IX
YDR361C	VI
YDR375C	IX
YIL033C	VIII
YDL070W	V
YAL060W	IV
YAL061W	II
YNL039W	IX
YER155C	IX
YPL115C	VIII
YPL161C	VI
YIL004C	VI
YKR068C	VI
YML077W	IV
YJR053W	VII
YOR198C	VIII
YDR299W	VI
YGR282C	X
YHR101C	III
YER016W	VIII
YGR286C	IV
YNR057C	II
YJR089W	V
YBR270C	IV
YKL061W	VII
YFL007W	X
YLR408C	V
YER177W	X
YDR099W	IV
YPL217C	VIII
YLR231C	IV
YFR047C	VIII
YDR428C	IX
YNL271C	VI
YNL233W	VI
YIL159W	VI
YBL085W	VI
YLR267W	II
YNL042W	IV
YLR078C	VII
YCR032W	VIII
YDL141W	VIII
YDL074C	VI
YLR015W	VIII
YNR051C	VI
YGR246C	VIII
YHR036W	IV
YBL097W	VIII
YPL084W	VIII
YGL007W	I
YPR057W	VI
YER172C	VI
YGL247W	III
YOL077C	VI
YDL037C	VIII
YDR275W	IV
YLR465C	II
YNR069C	IV
YBR290W	VII
YPR171W	VI
YFL025C	VIII
YPL069C	VIII
YDR252W	III
YGR188C	V
YMR055C	IX
YOR026W	IX
YAR014C	VIII
YEL029C	IV
YNR027W	VIII
YKL092C	V
YOR078W	VII
YMR014W	V
YCR047C	IX
YDR241W	V
YFL023W	VI
YCL014W	VIII
YCR063W	VII
YLR319C	VI
YOR299W	VIII
YLR353W	IX
YGR041W	VIII
YMR275C	VII
YER159C	VI
YNL305C	IX
YKL005C	II
YHR114W	VI
YDR531W	IX
YIL083C	VI
YKL088W	VI
YDR423C	VIII
YGR134W	VI
YNL288W	VII
YPL048W	X
YEL063C	IV
YKL007W	VIII
YPL111W	IV
YOR125C	VII
YGR036C	VI
YPL178W	IX
YJR060W	IX
YGR140W	VIII
YLR175W	VIII
YJL209W	VI
YHL038C	IX
YPL215W	VIII
YBR120C	IX
YIL043C	VIII
YDR197W	IX
YER168C	VII
YLR220W	VIII
YDR270W	IV
YKL011C	IX
YGR150C	VI
YMR038C	VII
YIL142W	X
YJL014W	X
YDL143W	X
YJR064W	VIII
YDR188W	IX
YJL111W	IX
YJL008C	X
YLR110C	X
YBR131W	IV
YDR182W	IX
YCR002C	VIII
YJR076C	VII
YLR215C	VI
YDL220C	IV
YFR028C	IX
YKL022C	VII
YAL038W	X
YGL116W	VIII
YAL041W	VI
YLR310C	VI
YFR036W	VII
YBL084C	VI
YLR314C	VIII
YOR257W	VI
YOL139C	IV
YDR168W	X
YCR093W	VIII
YFL009W	VIII
YDR364C	VIII
YLR103C	VII
YDL126C	X
YMR001C	VI
YDL132W	VI
YGL190C	VI
YJL194W	IX
YPL160W	X
YLR418C	IV
YDL164C	X
YLR245C	VII
YGL003C	IX
YBR029C	IV
YMR213W	IV
YER061C	VII
YMR168C	VII
YPL228W	VI
YOR112W	IX
YIL003W	VI
YLR098C	VI
YGL206C	X
YER164W	X
YBR274W	IV
YPL008W	VI
YGR157W	X
YNL192W	VIII
YBR038W	VIII
YBR023C	VIII
YLR330W	VIII
YJL099W	VIII
YHR142W	VI
YER030W	VI
YHR052W	IX
YMR198W	VI
YOR349W	IV
YOR028C	IV
YEL061C	IX
YGR207C	VII
YOR356W	X
CIS1	II
YJL158C	X
YNR001C	X
YOR039W	VIII
YLR133W	VII
YBR135W	II
YNL298W	VIII
YGR108W	IV
YDL155W	VI
YLR210W	VII
YPR120C	VIII
YGR109C	V
YGR167W	VI
YLR117C	VII
YGL215W	X
YMR199W	VI
YPL256C	VIII
YOR250C	VII
YMR012W	X
YBL059C-A	V
YMR194C-B	II
YOL016C	VIII
YML057W	VIII
YLR003C	V
YKL190W	VI
YDR357C	V
YNL225C	IX
YFR046C	X
YBR155W	VII
YIL157C	VI
YJL062W-A	V
YLR218C	VI
Q0105	IX
YLL050C	X
YGL223C	VI
YGR120C	VII
YER157W	IV
YNL051W	VII
YNL041C	VI
YGL005C	V
YML071C	IV
YDL145C	X
YOL008W	VII
YOL096C	VIII
YDR204W	VIII
YGL119W	VII
YBL045C	X
YNR075W	IV
YBR203W	VIII
YBR302C	VIII
YML132W	IV
YJR161C	VIII
YHL048W	II
YOR316C	IV
Q0045	IX
YPL172C	IX
YLR038C	IX
YGL191W	IX
YML129C	V
YJL003W	IV
YLL009C	V
YLL018C-A	VII
Q0250	IX
YDR231C	VII
YHR116W	VII
Q0275	IX
YNL052W	VIII
YIL111W	V
YLR395C	VIII
YDL067C	V
YKL179C	VI
YOR303W	IX
YJR109C	X
YDR155C	X
YHR057C	IX
YML078W	X
YCR069W	VIII
YDR304C	X
YLR216C	X
YNR028W	VI
YJL172W	IV
YDR223W	II
YGR189C	VIII
YGR218W	X
YLR429W	VIII
YHR146W	IX
YLR213C	VII
YOR031W	IX
YOL063C	IX
YNL027W	VI
YGL238W	X
YKL049C	VIII
YLR087C	IX
YBR036C	VIII
YNL232W	VII
YCR086W	III
YPR030W	VIII
YIL036W	VIII
YLR394W	X
YDR256C	IX
YMR094W	VII
YMR078C	VIII
YPL018W	I
YLR381W	VIII
YDR151C	I
YPL181W	VIII
YKL139W	VI
YJL006C	VII
YMR180C	III
YHR109W	VII
YBR291C	IV
YPR124W	V
YHR175W	VIII
YCR054C	VII
YOL145C	IX
YLR286C	X
YDR371W	IV
YMR264W	IV
YKL090W	VIII
YGL110C	V
YML101C	VII
YOR042W	VIII
YGL166W	VIII
YPL177C	IX
YNL286W	VI
CUT001	III
CUT002	III
CUT004	IV
CUT005	I
CUT007	I
CUT010	I
CUT011	I
CUT012	III
CUT013	I
CUT014	III
CUT015	III
CUT017	II
CUT018	III
CUT019	II
CUT020	I
CUT021	III
CUT022	III
CUT023	I
CUT024	I
CUT025	I
CUT026	I
CUT027	I
CUT028	II
CUT029	I
CUT030	II
CUT034	I
CUT036	I
CUT037	V
CUT038	I
CUT039	II
CUT040	I
CUT041	I
CUT042	I
CUT043	I
CUT044	II
CUT047	I
CUT048	III
CUT049	I
CUT050	III
CUT051	III
CUT053	I
CUT054	III
CUT056	II
CUT058	II
CUT059	III
CUT060	I
CUT061	IX
CUT062	III
CUT064	III
CUT065	III
CUT066	II
CUT067	I
CUT069	I
CUT071	III
CUT075	I
CUT076	III
CUT078	II
CUT080	III
CUT081	II
CUT082	I
CUT085	I
CUT086	V
CUT087	I
CUT089	III
CUT091	II
CUT092	I
CUT094	I
CUT095	II
CUT097	I
CUT098	I
CUT100	IV
CUT101	I
CUT102	I
CUT103	I
CUT105	III
CUT106	I
CUT108	III
CUT109	I
CUT110	III
CUT112	I
CUT114	I
CUT115	I
CUT116	I
CUT117	I
CUT118	III
CUT119	III
CUT121	III
CUT123	II
CUT124	III
CUT126	I
CUT128	I
CUT129	III
CUT132	I
CUT133	III
CUT134	I
CUT135	I
CUT140	III
CUT142	I
CUT143	I
CUT144	I
CUT149	I
CUT151	II
CUT152	I
CUT155	III
CUT156	I
CUT158	II
CUT159	I
CUT160	I
CUT163	I
CUT164	II
CUT167	III
CUT168	I
CUT170	I
CUT171	I
CUT173	III
CUT175	II
CUT178	I
CUT179	I
CUT182	I
CUT183	III
CUT186	III
CUT188	III
CUT189	III
CUT191	V
CUT192	I
CUT194	I
CUT195	II
CUT196	III
CUT197	II
CUT198	I
CUT199	I
CUT200	I
CUT204	II
CUT206	I
CUT207	I
CUT209	I
CUT211	I
CUT213	I
CUT214	I
CUT216	III
CUT217	III
CUT218	I
CUT219	III
CUT221	I
CUT222	I
CUT225	I
CUT228	I
CUT229	I
CUT230	III
CUT231	I
CUT232	I
CUT236	I
CUT237	I
CUT238	I
CUT239	I
CUT240	I
CUT241	I
CUT242	I
CUT246	I
CUT248	III
CUT250	II
CUT251	I
CUT252	III
CUT254	I
CUT259	III
CUT260	I
CUT265	I
CUT267	I
CUT270	I
CUT271	I
CUT272	II
CUT273	I
CUT275	I
CUT278	I
CUT280	I
CUT281	VII
CUT283	II
CUT285	III
CUT288	I
CUT294	I
CUT295	I
CUT296	I
CUT298	II
CUT299	I
CUT300	I
CUT301	III
CUT303	I
CUT305	III
CUT306	I
CUT309	II
CUT310	II
CUT311	I
CUT313	III
CUT314	I
CUT315	I
CUT317	III
CUT319	III
CUT320	II
CUT321	III
CUT322	I
CUT327	I
CUT329	II
CUT330	I
CUT332	I
CUT334	III
CUT335	I
CUT340	I
CUT341	I
CUT350	V
CUT351	III
CUT352	I
CUT353	I
CUT355	III
CUT357	I
CUT358	III
CUT360	V
CUT362	I
CUT363	I
CUT364	I
CUT366	III
CUT367	III
CUT368	III
CUT374	I
CUT375	I
CUT376	II
CUT378	III
CUT379	III
CUT382	III
CUT383	III
CUT384	I
CUT385	I
CUT386	I
CUT387	II
CUT388	IV
CUT389	II
CUT390	III
CUT391	I
CUT395	II
CUT396	I
CUT398	III
CUT400	I
CUT401	IV
CUT402	III
CUT405	II
CUT407	III
CUT408	II
CUT409	I
CUT410	X
CUT411	I
CUT413	X
CUT417	III
CUT419	I
CUT420	I
CUT422	I
CUT423	I
CUT428	I
CUT430	II
CUT431	II
CUT432	I
CUT434	III
CUT435	I
CUT438	I
CUT439	I
CUT441	III
CUT442	IX
CUT443	III
CUT445	I
CUT446	III
CUT449	II
CUT453	III
CUT454	I
CUT455	I
CUT456	I
CUT458	II
CUT460	II
CUT461	I
CUT462	II
CUT465	IV
CUT466	I
CUT467	III
CUT468	I
CUT469	I
CUT470	II
CUT472	III
CUT473	III
CUT474	I
CUT475	I
CUT476	I
CUT479	II
CUT481	I
CUT482	III
CUT483	III
CUT487	I
CUT491	III
CUT493	IV
CUT494	IV
CUT496	X
CUT498	I
CUT499	II
CUT502	II
CUT503	II
CUT504	III
CUT506	I
CUT507	I
CUT508	I
CUT510	I
CUT513	I
CUT515	I
CUT516	II
CUT517	I
CUT518	I
CUT519	I
CUT522	I
CUT524	I
CUT528	III
CUT529	IV
CUT532	I
CUT534	III
CUT536	I
CUT539	V
CUT541	I
CUT543	III
CUT545	III
CUT547	I
CUT549	I
CUT550	I
CUT551	IV
CUT554	III
CUT557	IV
CUT558	I
CUT559	I
CUT560	I
CUT561	III
CUT562	III
CUT563	I
CUT564	III
CUT566	I
CUT568	I
CUT571	I
CUT572	I
CUT575	II
CUT577	I
CUT578	II
CUT579	II
CUT580	I
CUT581	I
CUT583	I
CUT584	I
CUT585	I
CUT587	I
CUT589	III
CUT590	III
CUT592	II
CUT593	I
CUT594	I
CUT596	II
CUT597	I
CUT599	II
CUT600	I
CUT601	III
CUT602	IX
CUT604	I
CUT605	I
CUT606	V
CUT607	III
CUT609	III
CUT610	I
CUT611	I
CUT612	I
CUT614	I
CUT615	I
CUT617	I
CUT618	I
CUT619	II
CUT620	I
CUT621	III
CUT626	I
CUT627	VIII
CUT630	III
CUT632	III
CUT633	III
CUT634	II
CUT638	I
CUT640	III
CUT642	I
CUT643	I
CUT644	I
CUT645	III
CUT646	I
CUT647	I
CUT649	III
CUT650	I
CUT653	III
CUT654	I
CUT655	I
CUT656	I
CUT657	I
CUT659	III
CUT661	III
CUT664	I
CUT665	IX
CUT667	I
CUT668	V
CUT669	I
CUT671	I
CUT672	II
CUT673	I
CUT674	I
CUT679	I
CUT683	I
CUT684	I
CUT686	III
CUT689	II
CUT692	III
CUT693	I
CUT694	II
CUT695	III
CUT697	I
CUT698	I
CUT699	I
CUT700	I
CUT701	I
CUT702	I
CUT704	I
CUT705	I
CUT707	I
CUT708	II
CUT710	III
CUT712	III
CUT714	I
CUT717	III
CUT720	III
CUT721	III
CUT722	I
CUT723	I
CUT724	II
CUT728	III
CUT731	I
CUT733	I
CUT735	I
CUT737	I
CUT738	I
CUT739	I
CUT740	I
CUT741	II
CUT742	I
CUT745	I
CUT746	III
CUT747	V
CUT748	II
CUT750	II
CUT751	I
CUT752	I
CUT753	III
CUT755	I
CUT756	III
CUT759	II
CUT761	I
CUT763	I
CUT767	I
CUT768	I
CUT769	I
CUT771	II
CUT775	II
CUT776	I
CUT777	II
CUT779	III
CUT780	I
CUT781	I
CUT782	I
CUT783	II
CUT784	VII
CUT785	I
CUT786	I
CUT788	I
CUT790	I
CUT793	II
CUT795	III
CUT798	III
CUT799	I
CUT800	II
CUT801	I
CUT802	I
CUT803	III
CUT804	I
CUT805	I
CUT806	I
CUT808	I
CUT809	I
CUT811	I
CUT812	I
CUT813	I
CUT814	IV
CUT815	III
CUT816	I
CUT817	III
CUT818	III
CUT819	III
CUT820	I
CUT824	III
CUT825	III
CUT826	X
CUT827	I
CUT831	I
CUT832	III
CUT833	I
CUT834	III
CUT835	I
CUT836	I
CUT837	I
CUT841	I
CUT842	I
CUT843	III
CUT844	III
CUT848	III
CUT854	I
CUT855	III
CUT857	III
CUT859	I
CUT860	I
CUT861	III
CUT862	I
CUT866	IX
CUT867	I
CUT868	I
CUT869	I
CUT871	I
CUT873	V
CUT874	I
CUT877	I
CUT879	II
CUT880	I
CUT881	III
CUT883	I
CUT884	III
CUT885	I
CUT888	III
CUT890	I
CUT891	III
CUT893	II
CUT895	II
CUT896	I
CUT897	II
CUT898	I
CUT902	I
CUT903	III
CUT907	I
CUT908	I
CUT909	III
CUT910	II
CUT912	I
CUT913	I
CUT914	III
CUT915	III
CUT916	II
CUT918	I
CUT919	I
CUT921	I
CUT922	I
CUT923	I
YDL209C	VII
YDR482C	III
YNL245C	VII
YPL064C	VIII
YKL096W	X
YKL096W-A	IX
YML054C	IX
YNL111C	IV
YJR048W	IV
YOR037W	VIII
YAL039C	VIII
YBR112C	VIII
YDR430C	VIII
YJL005W	IX
YAL012W	X
YGR155W	X
YOR065W	IX
YKL087C	II
YDR016C	V
YKR083C	V
YBR233W-A	VI
YDR320C-A	V
YML070W	X
YIR027C	X
YIR032C	II
YIR023W	IX
YNL314W	IX
YGR113W	IX
YJR151C	IV
YPL170W	IV
YJL149W	VI
YML113W	VII
YPR111W	VIII
YPL119C	III
YDL031W	IX
YNL112W	IV
YGL078C	VII
YNR038W	VII
YKR024C	VII
YHR169W	IV
YLR276C	VI
YKL149C	IX
YOL149W	V
YNL118C	VI
YLR361C	VII
YOR173W	VIII
YER143W	VII
YOL052C-A	IX
YMR173W	X
YOR204W	X
YHR019C	X
YKL054C	IV
YFL001W	VII
YAL013W	VII
YBR201W	VI
YMR238W	X
YOR245C	VIII
YOR311C	VIII
YDL160C	VIII
YHR011W	IX
YPR082C	VIII
YLR348C	IV
YKL002W	V
YGR227W	VI
YLR437C	IV
YPL049C	VIII
YDR263C	VIII
YLR129W	VI
YPL265W	II
YOL021C	X
YIR004W	VI
YDL174C	VIII
YDL178W	IX
YEL071W	IV
YJL065C	VII
YMR126C	VI
YHR115C	VIII
YMR211W	II
YHR164C	VI
YER166W	VIII
YDR093W	VIII
YLL001W	VIII
YKL213C	VII
YGL240W	VII
YNL001W	IV
YDR141C	VI
YDR440W	VI
YIL010W	VII
YPR175W	VIII
YBR278W	IX
YKL191W	X
YDR294C	IX
YPR183W	VIII
YDR284C	IX
YLL018C	X
YLL008W	IX
YAL026C	IX
YGL196W	IX
YHR143W	IV
YOR264W	IX
YNR067C	X
YEL070W	IV
YBR007C	VI
YNL258C	VI
YMR287C	VI
YDL219W	V
YFR044C	X
YBR281C	IX
YGL061C	V
YHL016C	II
YLR401C	VI
YBR252W	IX
YDR424C	V
YMR299C	V
YHR068W	X
YDR359C	VI
YJR082C	VI
YNL136W	VI
YKL204W	VI
YMR171C	IX
YKL172W	VII
YGR146C	II
YEL030W	VII
YHR021W-A	III
YBL043W	IX
YMR128W	VI
YLR390W	VII
YBR065C	VI
YBL101C	VIII
YHL030W	X
YLR436C	VIII
YBR176W	IV
YBR078W	X
YLR299W	IV
YMR176W	VI
YKR004C	V
YGR007W	IX
YER035W	IV
YEL015W	IV
YBL047C	VIII
YBR033W	II
YPL095C	VIII
YAL003W	X
YGR271C-A	IX
YHL039W	X
YMR212C	IX
YOR133W	X
YDR385W	X
YPL037C	X
YHR193C	X
YNL327W	X
YDR036C	IV
YBR177C	VIII
YMR031C	VI
YDR147W	VI
YPL046C	III
YKL160W	VIII
YOR144C	VI
YKL048C	VII
YGR200C	VI
YPL086C	VIII
YMR312W	IX
YCL045C	VIII
YJR088C	VII
YLL014W	IV
YDR512C	V
EMI5	VIII
YGL200C	VI
YFL048C	X
YLR083C	VIII
YDR040C	X
YOL158C	X
YNL084C	VIII
YGR254W	X
YHR174W	X
YBR247C	VII
YGR145W	VI
YDL161W	VII
YLR206W	VIII
YLL038C	VII
YDR153C	VI
YGR071C	VI
YOR246C	VII
YFL024C	VI
YIL005W	VII
YHR123W	VI
YDR414C	III
YLR246W	II
YGR175C	VII
YPL028W	X
YHR007C	IV
YMR208W	IX
YML126C	X
YMR202W	IX
YGR060W	X
YGL001C	X
YLR100W	IV
YER044C	II
YLR056W	IV
YML008C	IV
YHR072W	VII
YHR190W	IX
YPL096C-A	V
YFR041C	VII
YAR002C-A	IX
YHR110W	IX
YBR239C	II
YGL054C	IX
YBR210W	V
YML012W	IX
YGR284C	X
YOL017W	IV
YNR054C	VI
YGR098C	VI
YLR318W	IX
YIL009C-A	I
YHL010C	IX
YBR026C	X
YOR051C	VIII
YLR300W	X
YDR261C	IV
YOR033C	VI
YBR163W	IV
YJL085W	IV
YBR102C	VI
YOR317W	X
YIL009W	IX
YMR246W	IV
YFR019W	X
YDL045C	VIII
YIL019W	VI
YDR021W	V
YNL023C	VII
YJL157C	VI
YLR238W	V
YMR052W	IV
YFR008W	IX
YMR029C	VII
YKL182W	X
YPL231W	VIII
YBR041W	IX
YKL060C	X
YJL155C	IX
YDR339C	VI
YMR277W	IX
YPR062W	X
YER056C	IV
FEN1	X
YCR028C	VII
YBR101C	VI
YMR058W	X
YMR319C	IV
YFL041W	IV
YPR104C	VIII
YBR040W	IV
YCR089W	VI
YNL325C	VIII
YDR130C	VII
YJR093C	VII
YER032W	IX
YIL065C	IV
YOR382W	II
YOR383C	IX
YIL131C	VII
YLR342W	X
YMR306W	IV
YPL221W	VIII
YGL139W	X
YIL134W	II
YIL098C	V
YDR236C	VIII
YHR176W	IX
YER182W	VIII
YDR070C	I
FMP21	IX
YBR047W	III
YLR454W	X
YPL103C	VIII
YJL161W	III
FMP37	VII
YNL168C	VII
YMR020W	VIII
YBL013W	VII
YMR113W	VII
YNR047W	VIII
YNL135C	IX
YDR519W	IX
YML074C	VIII
YLR449W	IX
YLL043W	VIII
YLL029W	VIII
YGL220W	VI
YLR214W	V
YNR060W	II
YOR384W	I
YLL051C	VIII
YPL141C	IX
YLR060W	VIII
YOR324C	VIII
YMR222C	VII
YER145C	IV
YBL042C	I
YPL262W	X
YAL035W	VIII
YAL022C	VII
YAL019W	IX
YHR128W	IV
YBR021W	IV
YCL027W	IV
YMR232W	IX
YBL016W	IV
YDR024W	IX
YIL097W	VII
YOR183W	III
YHR059W	V
YCL058C	IX
YNL133C	IV
YLR068W	V
YGR196C	VII
YBR179C	VI
YLR459W	VIII
YOR178C	V
YMR250W	IX
YLR081W	IX
YDR009W	II
YBR018C	II
YML051W	X
YMR307W	X
YMR215W	X
YFL021W	IV
YOR260W	VIII
YER025W	VIII
YGR083C	VI
YDR211W	VII
YLR291C	VII
YGL195W	X
YDR283C	VI
YFR009W	VIII
YKR026C	VIII
YEL009C	VIII
YGR252W	IX
YPL075W	VI
YNL199C	VI
YDL226C	VII
YDR019C	IX
YAL044C	X
YOR120W	IX
YEL042W	VIII
YOR375C	X
YDL215C	IV
YAL062W	III
YER136W	X
YOR355W	IX
YBR187W	VIII
YJR031C	IX
YEL022W	IX
YJR040W	VII
YAL048C	VII
YLR091W	II
YGL020C	VII
YER083C	IV
YDL100C	X
YOR164C	IX
YCL073C	I
YKR106W	II
YKL104C	X
YCL036W	IX
YHR108W	X
YDL198C	IV
YHR061C	VI
YMR135C	IV
YNL153C	VII
YEL003W	V
YML094W	V
YDR507C	VI
YPL137C	VIII
YAL031C	VIII
YDR152W	VI
YNL255C	IX
YLR094C	VII
YML006C	VIII
YCR098C	II
YER133W	VI
YDL207W	VIII
YJL137C	IX
YCL040W	X
YPR035W	IV
YOR168W	X
YER122C	IX
YPL091W	VIII
YDL171C	X
YEL046C	IV
YKR030W	IX
YFL017C	VI
YHR183W	X
YDR508C	II
YJL184W	VII
YMR292W	VI
YHR005C	VII
YER020W	IX
YOR371C	IV
YDL022W	IX
YGL121C	III
YGL142C	VIII
YJR013W	IX
YNL038W	V
YHR188C	X
YDR331W	IX
YKL152C	X
YDL021W	II
YDL035C	VI
YOL151W	VIII
YDR517W	X
YJR090C	IX
YBR121C	X
YPR081C	VIII
YCL035C	VI
YDR513W	IX
YER174C	IX
YPL059W	VIII
YLR364W	III
YGR032W	X
YML048W	IX
YJL101C	VII
YOL049W	X
YLR293C	X
YFR015C	IV
YLR258W	VIII
YGR154C	IV
YGL181W	VII
YMR217W	X
YDL238C	VII
YLR289W	VII
YGL084C	IX
YGL245W	X
YHL032C	X
YIL155C	IV
YIL041W	X
YMR192W	VI
YPL249C	VIII
YDL234C	VIII
YJL110C	V
YPR008W	IV
YFL031W	X
YJL165C	VI
YOL089C	VI
YJR069C	IX
YLR256W	X
YBL021C	II
YKL109W	IX
YMR290C	IX
YEL056W	VII
YKR084C	VIII
YDL223C	VIII
YJL033W	VII
YNL281W	IV
YCR065W	IX
YLR192C	IX
YKL017C	VII
YNL021W	VII
YDR295C	IV
YPR179C	VI
YNL014W	VII
YBL032W	X
YDR232W	VIII
YDR047W	IV
YDR044W	IX
YER014W	VIII
YOR176W	X
YDL205C	VII
YOR278W	I
YOR227W	IV
YOR237W	II
YMR207C	IX
YPL254W	VI
YGR187C	VI
YBR009C	IX
YNL030W	IX
YPL127C	VIII
YBR010W	IV
YNL031C	IX
YLL022C	II
YGR191W	IX
YOR038C	IX
YER055C	X
YFR025C	IV
YCL030C	IV
YIL116W	IV
YJR055W	V
YDR420W	IX
YMR161W	IX
YDR528W	IX
YER057C	X
YML075C	IX
YLR450W	VIII
YOL095C	VII
YCL066W	III
YCL067C	V
YDR174W	VII
YCR097W	V
YCR096C	VI
YOR032C	I
YJR147W	IV
YBR034C	VII
YLR205C	II
YGL077C	VIII
YDL125C	IV
YDR305C	VI
YDL227C	IX
YJR075W	VIII
YMR032W	VIII
YDR158W	X
YER052C	IX
YJR139C	X
HOR2	X
YMR251W-A	IX
YGL194C	VII
YPL116W	VIII
YPR193C	IV
YEL066W	III
YBR215W	V
YDR138W	VII
YDR399W	II
YNL004W	VI
YOL013C	VII
YOR267C	VIII
YOL123W	IV
YDR291W	IX
YPL204W	VIII
YLR097C	VII
YMR186W	X
YGL073W	VI
YKL138C-A	VI
YBR133C	VI
YOR020C	IX
YLL026W	X
YFL014W	X
YJL159W	VIII
YCR021C	VIII
YPL280W	IV
YLR259C	X
YDR258C	VIII
YPL240C	VIII
YOL068C	IX
YPL015C	VIII
YOR025W	VII
YDR191W	VII
YGR223C	IX
YDR225W	IX
YBL003C	IV
YDR224C	IX
YBL002W	IX
YHR067W	II
YCR020W-B	VI
YOL012C	IV
YGR268C	VIII
YPL244C	VIII
YFR053C	X
YGL253W	X
YHR094C	IV
YFL011W	X
YNR072W	X
YDR345C	VII
YHR096C	VIII
YDR343C	X
YDR342C	X
YKL189W	IV
YIR037W	X
YOR126C	VII
YNL164C	VI
YIL090W	IX
YBR157C	IV
YJL077C	I
YLR099C	II
YMR195W	II
YPL250C	II
YDL066W	X
YLR174W	IV
YNL009W	IV
YFL013C	X
YOR189W	VI
YER092W	IV
YEL044W	II
YBR159W	X
YLR223C	V
YOL023W	VI
YHR132W-A	VIII
YHR187W	X
YLR384C	X
YJL057C	VIII
YBL076C	X
YMR108W	IX
YJR016C	X
YLR355C	IV
YCL009C	X
YAR073W	II
YHR216W	I
YLR432W	IV
YML056C	IX
YJL106W	VIII
YCR046C	IX
YCR071C	VII
YLR309C	VI
YJR138W	IX
YJL082W	IV
YBR107C	IV
YMR150C	IV
YIL154C	VII
YHR148W	IX
YNL075W	IX
YDL181W	IX
YNL152W	VIII
YJL153C	VIII
YOL108C	II
YGL150C	IV
YMR204C	VI
YMR163C	II
YOR109W	IX
YOL065C	VII
YLR095C	VI
YMR044W	VI
YHR085W	VI
YNL182C	IX
YDR315C	VII
YBR011C	X
YDR072C	VII
YPL242C	VIII
YBR140C	VIII
YOL081W	X
YOR235W	I
YPL017C	III
YMR073C	IX
YOR044W	IV
YDR332W	IX
YDR540C	IX
YFR038W	VIII
YFR043C	X
YLL027W	VI
YER019W	X
YER180C	IX
YER048W-A	VIII
YMR081C	IV
YPL040C	VIII
YOR155C	VII
YPR106W	VIII
YNL265C	VII
YIR005W	V
YPL135W	VIII
YOR226C	IV
YOR304W	V
YGL133W	VI
YDR497C	X
YOL103W	IX
YDR229W	VI
YDL115C	V
YKL032C	IX
YDR492W	VII
YOL101C	II
YJL073W	VIII
YJR119C	II
YPR169W	VIII
YNL227C	VIII
YJL162C	IV
YMR132C	VII
YMR294W	VIII
YKR038C	IX
YER110C	X
YNL188W	VI
YJL034W	X
YPR141C	VIII
YCL055W	VII
YMR065W	VI
YPL269W	VIII
YCL024W	VI
YFR042W	IX
YHR158C	IX
YPL263C	VIII
YPL145C	VIII
YNL238W	IX
YIL125W	VIII
YJL094C	VIII
YHR102W	VI
YLR096W	IX
YAR018C	VIII
YOR233W	VI
YCR091W	IX
YKL168C	VIII
YDL049C	II
YLL019C	VI
YHR186C	VIII
YNL322C	IX
YDR483W	X
YDR532C	VI
YER038C	VI
YNL132W	X
YPR159W	VIII
YJL174W	VIII
YNL308C	VI
YCL059C	VI
YHR082C	VI
YBL071W-A	VI
YKL110C	VII
YKR061W	IV
YBR205W	VII
YNL029C	VIII
YPL053C	VIII
YIL085C	VIII
YGL079W	VII
YJL207C	VI
YKL008C	VII
YHL003C	IX
YOL025W	II
YNL045W	X
YKR063C	VII
YOR181W	VIII
YNL071W	X
YMR296C	VIII
YDR062W	IX
YJL134W	VII
YDR499W	VI
YGL085W	VII
YER127W	VII
YCL005W	VI
YLL049W	V
YBL006C	VII
YNL323W	IX
YOR123C	VI
YGL009C	II
YCL018W	I
YNL104C	IV
YOR108W	IV
YPL055C	VIII
YDL051W	X
YKL073W	VIII
YGL090W	VII
YMR298W	IX
YOR196C	IX
YFR001W	VII
YKL183W	VII
YLR011W	IX
YFL018C	X
YCL051W	VI
YDL240W	VI
YNR008W	VII
YHR081W	VI
YDR439W	V
YJL100W	III
YOR142W	IV
YGR244C	X
YJL124C	IX
YBL026W	V
YLR438C-A	IX
YER112W	IV
YER146W	VII
YDR378C	V
YJR022W	V
YPL004C	VIII
YKL176C	VI
YGR057C	VIII
YAL024C	VIII
YPR073C	IX
YDR034C	IX
YDL182W	IV
YDR234W	II
YNR050C	IV
YMR021C	IX
YGL086W	V
YJL013C	VII
YDR005C	VI
YLR427W	VIII
YEL053C	VII
YKL021C	IX
YAL025C	IX
YDR060W	VI
YPR051W	IV
YCR020C-A	IV
YBR142W	VI
YGR292W	II
YGR288W	II
YBR299W	II
YBR297W	II
YIL070C	VI
YLR244C	X
YBL091C	VIII
YLR163C	VI
YHR024C	VIII
YCR040W	I
YCR039C	V
YJL199C	I
YDL056W	IV
YKL165C	VIII
YOL119C	IV
YOR306C	IV
YNL307C	VIII
YMR043W	VI
YIL150C	VII
YJR135C	VII
YPR019W	VIII
YGL201C	X
YKL150W	II
YOR221C	V
YJR024C	VIII
YNL173C	IV
YOL126C	IV
YNL328C	III
YLR188W	X
YLR368W	VI
YHR194W	IV
YOR147W	IX
YPR083W	VIII
YOL027C	IX
YLR106C	IV
YJL112W	IX
YBR136W	X
YPR070W	VI
YMR112C	IV
YDL005C	VII
YHR058C	VII
YBR193C	VIII
YLR069C	VIII
YKR007W	VII
YPL121C	II
YOR351C	II
YGR121C	II
YNL142W	I
YPR138C	VIII
YGR264C	X
YKR069W	IV
YFR030W	X
YPL023C	VIII
YGL125W	IV
YKL001C	IV
YPR167C	II
YIR017C	II
YJR010W	IV
YIL046W	VIII
YPL038W	VI
YDR253C	II
YNL103W	VII
YJR137C	IV
YER091C	X
YBR213W	VIII
YPL169C	VIII
YDR219C	IX
YPL060W	VIII
YML062C	VI
YJR144W	VII
YCL044C	IX
YPL098C	VIII
YMR115W	VI
YNL218W	IV
YJL042W	X
YDR296W	VII
YLL062C	VII
YKL195W	VI
MIC14	IX
YLR332W	VI
YGL035C	VII
YGL209W	IV
YER028C	II
YMR036C	IX
YOL026C	VII
YOR330C	VIII
YHR015W	II
YJR077C	X
YBR084W	X
YEL007W	X
YOR231W	IX
YPL140C	IV
YNL076W	VI
YNL085W	X
YGL106W	VI
YPR188C	VIII
YNL074C	IX
YLR035C	VIII
YPL164C	VIII
YKR095W	V
YIL051C	IX
YLL006W	IX
YLL061W	IX
YPR164W	VIII
YGL087C	IV
YBR098W	VI
YMR177W	II
YPL224C	VIII
YIR025W	VI
YOR350C	VI
YHR204W	IV
YER001W	IV
YJL183W	X
YBR015C	X
YKL201C	VI
YJL186W	VII
YPL050C	VIII
YKL064W	II
YJR131W	VII
YIL014W	IV
YIL106W	VI
MOS1	IX
YPL082C	VIII
YER068W	VI
YMR070W	VI
YNL249C	VII
YOL088C	IV
YKL059C	VII
YIR002C	VIII
YJL066C	VII
YJR002W	VI
YGL075C	II
YJL019W	VII
YCL061C	VI
YPR112C	VIII
YMR224C	X
YDR033W	X
YGL064C	V
YPR118W	X
YDL079C	II
YPR079W	IV
YOR201C	VII
YGL136C	V
YPL184C	VIII
YDR347W	IX
YDL045W-A	V
YKL003C	VIII
YPR166C	VI
YDR405W	II
YBL090W	IV
YHL004W	VII
YKL167C	VI
YPL118W	VIII
YKL142W	II
YDR116C	VII
YKR006C	IX
YLR312W-A	VII
YBL038W	VII
YNL252C	IX
YNL185C	IV
YKR085C	IX
YOR150W	VII
YMR193W	VII
YGR076C	VII
YBR282W	VI
YMR024W	VIII
YKL138C	IX
YCR003W	VII
YMR286W	V
YDR322W	IX
YBR122C	IX
YKL170W	IX
YML009C	V
YLR439W	IX
YPL173W	IX
YMR225C	V
YNR022C	VII
YPR100W	VIII
YDR237W	IX
YJL063C	VII
YGR220C	VII
YPL013C	IV
YMR188C	VI
YDR337W	V
YGR165W	IX
YBR251W	VIII
YOR334W	IV
YJL133W	IV
YKR052C	IV
YOR370C	IX
YKL009W	VII
YOR066W	VI
YOR188W	IX
YGR014W	IX
YNL293W	VII
YOL112W	VIII
YML128C	VIII
YOR354C	X
YOL033W	IX
YNL053W	IV
YCR092C	IX
YDL154W	IX
YBR195C	VII
YNL073W	VII
YLR116W	IX
YGR171C	VIII
YOL116W	VIII
YKL062W	VIII
YDR335W	VIII
YNR049C	VII
YGR028W	IV
YHR091C	IX
YMR023C	II
YMR164C	IV
YDR194C	VI
YDR208W	VIII
YLR203C	VIII
YJL123C	VI
YKL098W	VI
YBR255W	VI
YDR128W	X
YHR151C	VIII
YKR080W	II
YDL044C	VI
YMR097C	IX
YGR023W	IV
YGR257C	IX
YGL236C	IV
YNL063W	IV
YDR140W	VI
YKL186C	V
YGR158C	IX
YAL034W-A	VIII
YMR100W	VIII
MUC1	X
YBR119W	V
YKL074C	VII
YPL070W	VI
YOR298W	II
YGR055W	IV
YHL036W	IV
YDR386W	IV
YGR206W	V
YMR004W	VII
YCL033C	IX
YHR023W	VI
YOR326W	IX
YKL129C	X
YAL029C	VIII
YMR109W	VIII
YGL122C	IX
YPL190C	VIII
YML117W	VIII
YNL124W	VII
YGR031C-A	I
YLR382C	VII
YNL137C	VIII
YPL126W	VIII
YKR048C	VIII
YNL240C	II
YIL007C	IV
YGR232W	VIII
YDL040C	X
YGR147C	IX
YPR131C	VII
YMR069W	VII
YOR253W	VI
YHR199C-A	VII
YLR457C	VIII
YDR162C	VI
YGL091C	VII
YPR155C	IX
YJL116C	V
YJL205C	V
YPR149W	VIII
YNL036W	II
YBL024W	VII
YHR042W	X
YPL006W	X
YNL119W	VI
YGL211W	IX
YML031W	IX
YOR372C	VI
YMR145C	VIII
YDL085W	I
YOL104C	IX
YLR254C	VIII
YLR265C	VI
YHR004C	IX
YIL048W	VI
YJL076W	IX
YPL226W	VIII
YCL017C	I
YKR103W	VI
YKL040C	IV
YDR176W	VI
YOL042W	V
YDL002C	VII
YDL208W	IX
YPR052C	VIII
YBR089C-A	V
YDR456W	X
YFR002W	VI
YMR309C	VIII
YPL211W	IX
YNL078W	IV
YIL164C	III
YLR351C	X
YDR383C	VII
YLR315W	VII
YLR328W	IX
YNL123W	II
YHR077C	VI
YHR170W	IX
YLR363C	VI
YJR132W	IX
YLR195C	VII
YJR112W	VI
YGR089W	VI
YKL171W	VI
YOR056C	VIII
YOR206W	VI
YLR002C	VI
YPL093W	VIII
YNR053C	VI
YDL014W	X
YHR072W-A	VI
YOL041C	VI
YNL175C	IV
YDL148C	V
YNL110C	VII
YER002W	VI
YGR251W	IX
YNL061W	VIII
YPL043W	VI
YPL146C	VI
YLR197W	IX
YOR310C	X
YDL213C	VII
YOL144W	V
YIL038C	VI
YPR072W	VI
YDL046W	VIII
YDR432W	IV
YMR091C	VI
YCR026C	VIII
YEL016C	IX
YOR209C	IX
YGL067W	VIII
YNL251C	I
YBR066C	IV
YNL129W	IV
YNR009W	VII
YDL167C	VII
YOR071C	IX
YGL111W	VII
YER126C	VII
YLR007W	II
YDL105W	VII
YML023C	IX
YNL156C	VII
YPL233W	III
YJL041W	X
YGR159C	IV
YNL091W	VI
YJR062C	VIII
YER009W	X
YAL015C	II
YOL043C	VII
YDR001C	VIII
YPR031W	VIII
YOR373W	VIII
YOL069W	VIII
YER006W	VII
YDR150W	VI
YOR098C	X
YKL068W	VIII
YMR047C	VIII
YGL092W	X
YER105C	X
YIL115C	X
YBL079W	VIII
YML103C	X
YJL039C	X
YGL172W	X
YMR153W	VI
YGR119C	VII
YAR002W	VI
YJL061W	IX
YJR042W	IV
YPR168W	VIII
YHR195W	VI
YLR093C	VI
YKL120W	II
YKR064W	VI
YKL055C	VII
YPL052W	IV
YNL099C	VIII
YNL056W	VII
YCR095C	VI
YHL029C	VIII
YGL038C	VI
YOR222W	II
YML060W	IV
YGR179C	VII
YBR025C	IV
Q0130	V
YDR316W	VI
YHL020C	VIII
YJR073C	X
YDL096C	II
YPR194C	X
YBR129C	VIII
YPR075C	VIII
YLL004W	VI
YPR162C	VIII
YNL261W	IV
YGR038W	IX
YDL019C	VIII
YHR001W	IV
YJL002C	X
YOR085W	X
YDL232W	VII
YML019W	IX
YMR148W	V
YFL044C	VII
YHL013C	VIII
YER154W	X
YKL215C	X
YPL196W	VIII
YHR179W	X
YDR071C	VI
YER165W	X
YOR269W	VII
YDR538W	IX
YBR279W	VIII
YMR165C	IV
YMR174C	IV
YJL104W	VI
YLR008C	IX
YIR006C	X
YKL025C	VII
YIL145C	IV
YOL115W	II
YCR077C	VIII
YLL025W	IV
YBR301W	II
YLR199C	VI
YNL015W	VI
YCL052C	VIII
YGR178C	X
YBR233W	IV
YDL053C	IX
YJL128C	VII
YBR094W	IX
YBR295W	VIII
YKR095W-A	V
YDR228C	IV
YNL289W	IV
YGL134W	VII
YDL127W	VII
YHR071W	IX
YER059W	V
YIL050W	II
YEL058W	VIII
YBR222C	VIII
YGR202C	II
YER178W	X
YBR221C	X
YLR044C	X
YDR081C	VI
YLR134W	X
YGL248W	VIII
YPR002W	II
YCL043C	X
YGL013C	VII
YOR328W	X
YDR406W	X
YNL231C	V
YNR070W	IV
YOR153W	X
YLR266C	IX
YGR193C	VIII
YBL017C	VIII
YOR036W	VII
YLR148W	VI
YMR231W	VI
YDR323C	VII
YLR064W	VI
YKR046C	IV
YDR079W	V
YBL080C	IV
YER058W	V
YER153C	VIII
YOR158W	VII
YJR034W	VI
YPL159C	VIII
YLR067C	IX
YNR045W	VII
YGR222W	VII
YBL030C	X
YDR265W	IV
YLR191W	IX
YGL153W	VIII
YGR239C	III
YPL112C	VI
YOR193W	IV
YDR479C	VIII
YBR168W	VIII
YDR244W	VII
YNL329C	X
YGR077C	IX
YOL003C	VI
YDR459C	IX
YJL179W	IX
YGR240C	X
YMR205C	X
YIL107C	II
YOL136C	IX
YNL317W	VII
YOR122C	VII
YNL158W	VI
YNL149C	VIII
YPL206C	VIII
YGL025C	VII
YBR196C	X
YCR012W	X
YMR105C	X
PGM3	IX
YGR132C	X
YGR231C	IX
YKL043W	VIII
YDR281C	I
YER037W	IV
YAR071W	II
YHR215W	II
YDL236W	VIII
YDL106C	VII
YNL097C	VII
YBR092C	VII
YFR034C	VII
YBR093C	IV
YDR481C	IV
YGR233C	VII
YML123C	I
YPL031C	II
YBR106W	IX
YBR296C	II
YJL198W	VII
YJL097W	IX
YDR313C	IX
YGL023C	IX
YER053C	IV
YIL045W	VIII
YHR034C	VII
YNL267W	VI
YGR086C	X
YBL022C	VIII
YOR104W	III
YPR154W	VIII
YBL051C	VIII
YOR363C	IV
YKL164C	X
YKL163W	X
YPR113W	VIII
YBL105C	VIII
YDR490C	IV
YOL100W	V
YDR466W	IX
YIL042C	IX
YGL059W	IV
YMR008C	IV
YMR006C	VII
YOL011W	IX
YPL268W	VI
YDR183W	VI
YGL008C	X
YPL036W	X
YER132C	VI
YER003C	X
YLR016C	VII
YML107C	VII
YDR276C	V
YNL082W	VI
YDL095W	X
YAL023C	VIII
YJR143C	X
YDL093W	IX
YGR199W	IV
YGL037C	IX
YPL096W	VIII
YOR145C	VII
YLR209C	IV
YML069W	VIII
YIL122W	VII
YBL035C	IX
YNL262W	VI
YDL102W	X
YJR006W	VI
YJR043C	VI
YEL055C	VI
YLR018C	VIII
YNL221C	IV
YNR052C	IX
YNL282W	VII
YBR257W	V
YBL018C	V
YNL055C	X
YGL205W	X
YMR267W	VII
YNR032W	IX
YDL134C	VIII
YDR075W	IV
YDR452W	VII
YPL179W	VIII
YLR014C	VI
YBR276C	VIII
YGR123C	VII
YPL148C	IV
YDR436W	IX
YMR297W	X
YCL057W	X
YER012W	IX
YOR362C	IX
YPR103W	VIII
YJL001W	VI
YMR314W	IX
YOL038W	VII
YBL041W	VIII
YML092C	VIII
YIR008C	VIII
YKL045W	VIII
YIL095W	VII
YPL156C	I
YOR323C	X
YDL043C	VI
YKR086W	VII
YGR006W	VIII
YLL036C	IV
YNR011C	VI
YJL203W	VII
YER013W	VI
YMR268C	VII
YDR243C	IV
YDR473C	V
YGR091W	IV
YML046W	VII
YPR178W	VIII
YKL012W	VIII
YGL120C	IX
YAL032C	IX
YBR237W	VI
YBR055C	IX
YHR165C	VI
YDL030W	VIII
YKL181W	X
YER099C	IV
YBL068W	VII
YOL061W	X
YOR361C	VIII
YJL079C	VII
YDL055C	X
YNL169C	VIII
YGR170W	IV
YMR308C	VIII
YDR013W	VI
YOL045W	VIII
YMR137C	VI
YML017W	VII
YLR019W	VIII
YDR032C	X
YNL201C	VI
YLR376C	IV
YAL043C	VII
YDL006W	VI
YER089C	V
YBL056W	X
YBR125C	IX
YCR079W	VII
YHR189W	VII
YBL057C	VIII
YGR156W	III
YKL039W	VI
YOR208W	VIII
YKR093W	IX
YFR029W	VII
YNL016W	X
YPR042C	VIII
YGL014W	VIII
YDR496C	VII
YER185W	II
YLR414C	VIII
YGR253C	VII
YER094C	IV
YPL212C	VIII
YLR165C	V
YOR243C	VII
YLR142W	IV
YCR057C	VII
YKR090W	VI
YGR280C	VII
YGL062W	IV
YBR218C	X
YOR347C	VII
YPR186C	VI
YHR001W-A	V
YPR191W	VIII
YFR033C	IX
YDR529C	VI
YJL166W	IX
YGR183C	V
YIL121W	IV
YHR074W	X
YLR204W	VII
YDL104C	II
YPL022W	VIII
YMR201C	IV
YBR114W	IV
YGR258C	VIII
YEL037C	VIII
YER173W	VI
YJR035W	VI
YKL113C	VIII
YER171W	V
YDR314C	VII
YLR032W	VIII
YNL250W	V
YER095W	VIII
YML032C	IX
YPL153C	VIII
YGL163C	VI
YDR076W	VII
YDR004W	VII
YDL059C	IV
YDR014W	VII
YJR052W	I
YDR217C	IX
YGL246C	VI
YKL019W	VIII
YOR101W	IV
YNL098C	VIII
YOR048C	VI
YJR033C	VIII
YLR084C	IX
YDR527W	V
YPL246C	VIII
YAL036C	VIII
YGR173W	IX
YOR265W	V
YDL189W	IX
YOL010W	VIII
YMR075W	IV
YBR005W	VIII
YJL204C	V
YBR073W	VIII
YDL135C	VII
YOR285W	VII
YPL133C	VIII
YPR094W	V
YBR049C	VIII
YHR157W	II
YJR021C	VI
YMR133W	IV
YLR263W	VI
YDR195W	II
YDR028C	VI
YBR050C	II
YBR002C	VII
YFR051C	VIII
YPL010W	VIII
YIL139C	VII
YLR059C	II
YOL080C	V
YAR007C	IX
YOR217W	VIII
YNL290W	VII
YBR087W	VII
YBR052C	X
YLR073C	VI
YLR176C	IX
YDR379W	VII
YPR115W	VIII
YFL047W	IX
YIL057C	II
YMR182C	I
YLR071C	VII
YKL038W	X
YDL138W	VII
YPR165W	VIII
YNL090W	IX
YIL118W	VII
YKR055W	VII
YNL180C	VI
RHR2	IV
YNL163C	V
YBL033C	VIII
YOL066C	IV
YDR487C	IX
YOL143C	IV
YBR256C	IV
YBR153W	IX
YLR039C	IX
YLR453C	IV
YCR028C-A	IX
YHL027W	VIII
YMR139W	VI
YMR154C	IV
YFL033C	VIII
YOR275C	VIII
YNL294C	VIII
YHL024W	II
YMR063W	VII
YOR119C	VII
YLL034C	VI
YOR095C	IV
YBR030W	IX
YDR257C	VI
YLR137W	II
YMR247C	VIII
YPR018W	VIII
YPL089C	VIII
YLR009W	VI
YNL002C	IX
YEL072W	II
YGL107C	VIII
YGR044C	IX
YPL024W	IV
YEL050C	IV
YDR465C	VII
YMR235C	X
YGL044C	IV
YMR234W	IX
YDR279W	VII
YLR154C	VIII
YCL028W	X
YER070W	X
YJL026W	X
YGR180C	X
YMR239C	VI
YGL144C	VIII
YLR371W	VI
YPR065W	VIII
YMR258C	VI
YJR063W	VII
YPR010C	VIII
YDR156W	VI
YOR341W	X
YJL148W	VII
YOR340C	III
YOR210W	IX
YOL005C	IV
YIL021W	VI
YJL140W	IV
YBR154C	VI
YDR404C	VI
YOR224C	IX
YHR143W-A	VI
YDR045C	VI
YNL113W	VII
YKL144C	VI
YNL151C	IV
YNR003C	IX
YKR025W	VII
YDL150W	VI
YPR190C	VIII
YJL121C	X
YHR088W	VI
YKR081C	VII
YBR079C	VIII
YER169W	VII
YIL119C	V
YLR075W	X
YGR085C	X
YEL054C	IX
YDR418W	X
YDL082W	X
YMR142C	X
YKL006W	IX
YHL001W	VI
YLR029C	X
YMR121C	X
YNL069C	X
YKL180W	X
YJL177W	IX
YOL120C	X
YNL301C	V
YBR084C-A	X
YBL027W	X
YPL220W	X
YGL135W	X
YMR242C	IX
YOR312C	IX
YPL079W	VIII
YLR061W	VI
YFL034C-A	V
YBL087C	VI
YER117W	VI
YGL031C	VI
YGR148C	IX
YOL127W	IX
YLR344W	VI
YGR034W	V
YHR010W	X
YDR471W	VI
YGL103W	VI
YFR032C-A	V
YFR031C-A	X
YOR063W	X
YGL030W	V
YDL075W	IX
YLR406C	VII
YBL092W	X
YPL143W	VI
YOR234C	V
YER056C-A	VI
YIL052C	VI
YDL191W	V
YDL136W	V
YMR194W	V
YPL249C-A	VIII
YLR185W	V
YDR500C	V
YLR325C	IX
YJL189W	VI
YIL148W	VI
YKR094C	IX
YDL184C	IX
YDL133C-A	V
YNL162W	V
YHR141C	VI
YPR043W	VI
YJR094W-A	V
YBR031W	X
YDR012W	X
YPL131W	X
YML073C	IX
YLR448W	IX
YPL198W	IV
YHL033C	IV
YLL045C	X
YGL147C	X
YNL067W	III
YFR052W	VII
YLR421C	VI
YIL075C	IX
YER021W	IX
YDL020C	IV
YDL147W	IX
YDL097C	VIII
YPR108W	VIII
YDR427W	VII
YDL140C	VIII
YPR187W	VIII
YOR116C	X
YLR340W	X
YHR062C	VIII
YDL081C	X
YDL130W	IX
YOL039W	X
YDR382W	X
YIR015W	VII
YGR214W	X
YLR048W	X
YOR293W	VI
YMR230W	V
YDR025W	IX
YBR048W	VI
YOR369C	X
YDR064W	VI
YCR031C	X
YJL191W	II
YOL040C	X
YMR143W	V
YDL083C	IX
YML024W	X
YDR447C	VI
YML026C	VI
YOL121C	VI
YNL302C	VI
YLR441C	X
YML063W	X
YGL123W	X
YHL015W	X
YKR057W	IX
YJL136C	V
YJL190C	X
YLR367W	V
YGR118W	IX
YPR132W	VIII
YER074W	VI
YGR027C	VI
YLR333C	VI
YGL189C	X
YER131W	VI
YKL156W	V
YHR021C	V
YOR167C	VI
YLR264W	VI
YLR388W	V
YDL061C	V
YNL178W	X
YLR287C-A	V
YOR182C	V
YLR167W	X
YJR145C	X
YHR203C	X
YJR123W	X
YPL090C	VIII
YBR181C	X
YOR096W	X
YNL096C	VI
YBL072C	X
YPL081W	IV
YBR189W	X
YKL145W	VIII
YDL007W	VIII
YDR394W	VIII
YOR259C	VIII
YOR117W	IX
YGL048C	VIII
YMR131C	VII
YIL153W	VIII
YDR065W	VII
YNL213C	VI
YOL117W	VI
YBL025W	VIII
YML043C	VI
YBL014C	VIII
YJL025W	VIII
YMR270C	VIII
YDR087C	IX
YPL012W	VIII
YKL082C	VI
YPR143W	VI
YHR065C	VII
YOL142W	VI
YDL111C	VII
YCR035C	VII
YDR280W	VII
YMR229C	X
YOR001W	VI
YCL031C	VII
YPR137W	VIII
YER066W	IV
YIL127C	VI
YGL146C	III
YOL048C	VII
YPL193W	IV
YLR221C	VI
YCR072C	VII
YLR357W	VII
YHR056C	VII
YKR008W	VII
YLR033W	VIII
YFR037C	IX
YML127W	VII
YMR030W	IV
YDR041W	VI
YGL129C	VII
YDR175C	IX
YIL093C	VIII
YJR101W	IV
YGR215W	VI
YDR494W	VI
YMR266W	X
YER125W	VIII
YGR213C	I
YOL138C	VI
YNL254C	VII
YOR118W	VII
YPL183W-A	VIII
YGL244W	VIII
YOL067C	VII
YGL252C	VII
YBL103C	VI
YDL025C	VII
YOR014W	VIII
YOR077W	VII
YPL183C	VIII
YJL047C	III
YGR275W	V
YDR289C	V
YER104W	IX
YNL206C	VII
YHR154W	VI
YDR139C	V
YDR190C	IX
YPL235W	VIII
YCR009C	IX
YDR388W	X
YBR095C	VII
YDL076C	VI
YDR159W	VI
YDR129C	X
YDR389W	VI
YGL175C	VII
YHR079C-A	II
YBR280C	VIII
YJR004C	IV
YER043C	X
YER129W	VI
YNL083W	IX
YLR180W	X
YDR502C	X
YPL274W	X
YHR083W	X
YMR060C	V
YPL273W	VIII
YDR143C	IV
YER047C	VI
YFR040W	VI
YJL098W	VI
YKR028W	VIII
YGL229C	VII
YPL218W	VIII
YDL153C	VII
YMR127C	IX
YBL052C	VI
YOR213C	IX
YCR008W	IX
YGR263C	VIII
YKL117W	X
YDR351W	VI
YHR103W	IX
YER087C-B	IX
YER019C-A	VI
YDR180W	VI
YOR329C	VII
Q0160	IX
YHR205W	VIII
YMR214W	VII
YGR049W	V
YBR037C	IV
YBR024W	IV
YJL080C	X
YER120W	X
YBL091C-A	VI
YMR272C	X
YMR305C	X
YGL028C	IV
YGR279C	X
YGL083W	IX
YGR245C	VI
YDR469W	VII
YKL148C	IX
YLL041C	IX
YLR022C	VII
YIL113W	IV
YBR214W	VIII
YIL084C	VIII
YGL224C	II
YDR164C	X
YLR166C	VI
YIR022W	IX
YNR026C	VIII
YLR208W	IX
YMR079W	IX
YGL233W	VI
YPL085W	VIII
YBL050W	VII
YNL287W	X
YLR268W	VII
YPR181C	VIII
YIL109C	X
YDR238C	VIII
YGL137W	VII
YIL076W	X
YER008C	VI
YDL195W	X
YLR440C	VI
YFL005W	X
YDR166C	VI
YFL045C	X
YMR013C	VII
YIL068C	VI
YLR378C	VIII
YPL094C	VIII
YBR171W	VII
YDR170C	VIII
YLR292C	VIII
YPR055W	VIII
YGR009C	IX
YDR077W	X
YCR067C	X
YLR026C	IV
SEE1	VII
YBL066C	VIII
YGL100W	IX
YDR363W-A	V
YLR430W	VI
YMR059W	VI
YAR008W	VII
YOR184W	IV
YGR208W	VII
YER081W	IV
YDR023W	X
YJL168C	VI
YKR029C	VII
YOR165W	VIII
YDL168W	X
YNL049C	IX
YHR098C	X
YOR315W	VI
YLR321C	IX
YLL003W	VI
YLR403W	VIII
YKL006C-A	V
YBL102W	X
YLR336C	VII
YGL066W	V
YOR007C	X
YKR043C	VII
YBL031W	IV
YKL130C	VI
YBR130C	VI
YDR393W	VI
YBR263W	X
YLR058C	X
YER118C	X
YIL104C	VI
YDL212W	IX
YHL006C	II
YDR078C	V
YGR112W	IX
YOR137C	IX
YLR079W	VII
YBR103W	VII
YOL031C	IV
YIL123W	VIII
YOL004W	X
YDR422C	IX
YGL208W	VII
YNL257C	IX
YMR140W	IX
YLR442C	VIII
YEL065W	IV
YHR149C	IX
YLR398C	VIII
YPR189W	X
YGR195W	VII
YOR076C	VII
YGL213C	X
YGR143W	VIII
YHR206W	VI
YNL167C	VIII
YDR328C	IX
YPL026C	VIII
YMR216C	VII
YBL007C	X
YDL052C	IV
YKL108W	VI
YGL113W	VIII
YDR489W	IV
YOR060C	VII
YDR515W	IX
YOR008C	VIII
YGR271W	VI
YGR212W	VII
YOR195W	VI
YDL033C	VII
YBR077C	VII
YCR024C	IX
YIL147C	VIII
YER180C-A	II
YOR154W	IX
YLR139C	II
YDR088C	IV
YBR228W	VIII
YLR135W	IV
YDL013W	VIII
YER116C	III
YGR081C	VII
YOR307C	IX
YML066C	III
YER029C	VI
YFL008W	VI
YFR031C	VI
YLR086W	IV
YOL034W	VI
YLR383W	VI
YLR275W	V
YLR147C	V
YHR050W	IX
YLR034C	IV
YML058W	VI
YOR149C	IX
YFL017W-A	V
YKL079W	IX
YBR172C	IX
YDR525W-A	V
YJL151C	IV
YDL123W	VII
YOR327C	VI
YDR073W	VII
YNR023W	VI
YOR290C	VIII
YDL194W	IV
YBR289W	IX
YHL025W	VIII
YLR025W	VI
YPL002C	VIII
YGR197C	I
YNL086W	IX
YMR095C	I
YNL334C	VII
YMR322C	X
YDR011W	IV
YCR033W	VI
YGL131C	VI
YPR101W	V
YEL026W	IX
YDL098C	V
YGR013W	VIII
YOR357C	VII
YJL036W	VII
YJR104C	X
YOR353C	IX
YGL127C	VII
YNR034W	II
YMR066W	VI
YCL054W	VI
YFL002C	VI
YJR010C-A	V
YGL093W	VII
YDR356W	V
YDR201W	VIII
YML055W	VII
YMR117C	VI
YPL124W	IV
YLR066W	IX
YHR172W	VI
YNL126W	IX
YOL052C	II
YPR069C	X
YEL031W	X
YDR504C	IX
YMR107W	IX
YMR191W	IX
YLR313C	VIII
YER150W	IV
YHR136C	I
YPR133C	VI
YHL022C	X
YHR152W	V
YKR031C	VI
YHR153C	IX
YBR250W	II
YER046W	II
YPL138C	VIII
YBR152W	VII
YDR464W	VI
YGR059W	X
YER115C	IX
YOR313C	II
YJL127C	VIII
YPL175W	VI
YER148W	IX
YGL207W	X
YER161C	VI
YOL148C	IX
YMR179W	VI
YKL020C	VIII
YGR063C	VI
YML010W	VIII
YGR116W	VIII
YBR081C	VI
YHR041C	V
YER022W	VII
YBR253W	IV
YDR308C	VI
YML034W	VI
YCR018C	I
YDL133W	VI
YOR247W	IX
YLR082C	VIII
YKR091W	VIII
YGL097W	VII
YLR119W	V
YBL106C	IX
YCL037C	VIII
YNL189W	IV
YKL154W	IV
YKL122C	VI
YKR092C	VII
YPR088C	VIII
YPL243W	VIII
YMR101C	IV
YNL138W	X
YKL218C	IV
YAL005C	X
YLL024C	X
YBL075C	IX
YDL229W	X
YNL209W	X
YJR045C	X
YDR293C	VIII
YPL106C	X
YBR169C	VIII
YHR066W	VII
YDR312W	VIII
YBR283C	VIII
YKL124W	III
YCR073C	IX
YLR005W	IV
YPL042C	IX
YNL025C	VIII
YLR250W	VII
YDR086C	IX
YLR452C	IX
YPL092W	II
YJL156C	VII
YHR064C	X
YDR169C	VI
YMR019W	VII
YHR178W	III
YOR047C	VI
YLR362W	IX
YHR084W	IX
YJR086W	V
YFL026W	IX
YOR212W	VI
YDR103W	VI
YCL032W	VIII
YKL209C	VI
YDL130W-A	VI
YGR008C	IX
YIL126W	VI
YOR027W	X
YLR150W	X
YDR082W	VIII
YMR125W	VIII
YDR463W	VIII
YHR006W	VIII
YLR375W	IX
YDL048C	VIII
YJR130C	IV
YGL184C	II
YIR011C	VII
YGL022W	X
YLR305C	X
YMR054W	VIII
YGL169W	VI
YPR086W	VIII
YMR039C	II
YDL084W	X
YNL244C	VI
YJR007W	IX
YPL237W	VIII
YBR294W	I
YLR092W	I
YDR310C	VIII
YNL066W	VI
YDR172W	X
YBR143C	X
YPL057C	VIII
YDR297W	IX
SUR4	X
YML052W	VII
YGL162W	IV
YPR009W	IV
YPL029W	VIII
YDR346C	IV
YPL032C	VIII
YPL163C	VIII
YAL011W	VII
YBR231C	VIII
YLR385C	VII
YKL018W	VIII
YDR126W	IV
YPL016W	VIII
YJL176C	VII
YER111C	IV
YDR146C	VI
YLR182W	VI
YDR260C	VI
YNR004W	IV
YMR149W	IX
YNL081C	IX
YOR166C	VIII
YNL187W	VIII
YOR179C	VII
YDR416W	VI
YGR129W	III
YIL047C	VIII
YPL105C	VIII
YLR251W	VII
YCR030C	IX
YJL004C	VIII
YPR095C	VIII
YJL035C	I
YLR316C	V
YBR261C	IX
YPL009C	VIII
YDR167W	VII
YML015C	IX
YDR145W	IX
YPL129W	VI
YMR005W	VI
YBR198C	VI
YMR227C	VIII
YML114C	IV
YCR060W	V
YPR048W	VIII
YLR354C	X
YGL232W	VI
YIL129C	VIII
YLR154W-C	VII
YBR069C	IV
YOL020W	IV
YPR140W	X
YPL128C	VIII
YBR150C	IX
YNL087W	VIII
YML072C	X
YPL180W	VIII
YMR291W	VIII
YGR205W	IX
YHR159W	VI
YJR116W	II
YPR157W	VIII
YNL176C	VIII
YJL052W	X
YJR009C	X
YGR192C	X
YBR223C	VIII
YOR337W	VIII
YBR083W	IV
YIL039W	X
YPR080W	X
YBR118W	X
YKL081W	X
YBL088C	VI
YGR099W	VI
YML064C	VII
YLR010C	IV
YNL253W	IX
YKL028W	VIII
YKR062W	VII
YDR311W	VII
YDR460W	VI
YPR056W	IV
YDR079C-A	III
YBR123C	IV
YGR047C	VI
YPL007C	VIII
YGR186W	VIII
YGR005C	VIII
YLR178C	X
YKR089C	VIII
YPL157W	VIII
YGR024C	VI
YPR121W	IX
YDL080C	IV
YPL214C	VIII
YOR192C	II
YDR438W	IX
YER063W	IX
YNL139C	VIII
YOL072W	VIII
YHR167W	VII
YPR045C	VI
YHR025W	X
YCR053W	X
YIL078W	X
TID3	VI
YKR059W	X
YMR260C	IX
YJL138C	X
YPR163C	X
YMR146C	IX
YDR429C	VII
YGR162W	X
YGL049C	VI
YPR016C	VIII
YHR005C-A	IX
YDR322C-A	IX
YGR181W	IX
YJL143W	IX
YOR297C	VII
YDL217C	VII
YNR017W	IV
YIL022W	VIII
YPL063W	VIII
YJL054W	VIII
YJR135W-A	V
YEL020W-A	V
YBR067C	X
YOR010C	II
YLR136C	II
YPR074C	X
YOL018C	IV
YLR327C	IX
YKL056C	X
YER007C-A	IX
YMR269W	VII
YDR117C	IV
YLR262C-A	IX
YDR107C	X
YER113C	IX
YER175C	I
YOR194C	VII
YKL058W	VIII
YBL054W	IX
YNL273W	VII
YKR010C	VI
YJL093C	VII
YDR457W	X
YNL131W	X
YMR203W	IX
YPR133W-A	V
YNL121C	VIII
YHR117W	IX
YOL006C	VI
YNL088W	X
YKL203C	X
YBR162C	X
YGL179C	II
YLR183C	VIII
YNL300W	VI
YGL096W	IV
YAL016W	VIII
YDR050C	X
YJL164C	VIII
YPL203W	VIII
YKL166C	IX
YNL079C	VIII
YIL138C	VII
YGL186C	VII
YLL028W	IV
YGR138C	VIII
YOR273C	VIII
YKL174C	VIII
YMR156C	VIII
YMR261C	X
YHR099W	VIII
YMR233W	VII
YJL129C	VI
YKR050W	X
YDR120C	VI
YOL093W	VI
YOL124C	IV
YOL125W	III
YDL112W	IX
YPL030W	VIII
YDR165W	IX
YML014W	VIII
YDR007W	IV
YKL211C	X
YGL026C	X
YHR106W	IX
YDR407C	IX
YDR246W	VII
YOR115C	IX
YLR043C	X
YGR209C	IV
YCR083W	VI
YKR079C	IX
YML028W	X
YBR265W	VIII
YDL015C	X
YBR058C-A	V
YML100W	X
YDL060W	VI
YLR435W	VII
YOR006C	IV
YOL022C	IX
YFL037W	X
YML124C	VIII
YLR212C	VII
YOR187W	X
YKL034W	VIII
YCR084C	VIII
YLR425W	VI
YDR100W	V
YKR088C	IX
YOR344C	II
YBR166C	IV
YGR185C	IX
YPL207W	VIII
YGL050W	IV
YOR295W	V
YKL210W	X
YDR390C	IV
YPR066W	IV
YHR111W	VII
YDR177W	III
YLR306W	V
YDR092W	IV
YBR082C	VIII
YDR059C	V
YER100W	IX
YMR022W	VIII
YEL012W	V
YDL064W	V
YLL039C	VIII
YDL122W	VIII
YNL186W	VI
YJL197W	VI
YBL067C	IX
YPL072W	VIII
YOR124C	IX
YER151C	VIII
YER144C	IX
YFR010W	VIII
YMR223W	IX
YGR184C	VIII
YBR165W	V
YML013W	VIII
YMR067C	VIII
YDR330W	VII
YJL048C	V
YBR273C	VIII
YGR048W	VI
YDL190C	X
YKL010C	VI
YOR075W	VII
YDL170W	VII
YDR470C	VII
YPL003W	IV
YPL020C	VIII
YIL031W	IX
YOR191W	VIII
YPL139C	IV
YDR207C	VII
YML021C	VII
YDR213W	IX
YGR072W	VI
YLR193C	IX
YLR168C	VI
YDR185C	IV
YKL216W	IV
YMR271C	V
YJL130C	IV
YEL021W	IV
YLR420W	IV
YML106W	X
YKL024C	IX
YBL039C	X
YJR103W	II
YKL014C	X
YJR041C	IX
YNL229C	V
YNR012W	IX
YIL008W	VI
YML029W	VIII
YLR132C	VII
YGL098W	IX
YDL058W	VI
YPL230W	V
YKR042W	VIII
YJL109C	VIII
YMR093W	IX
YJL069C	IX
YBL004W	X
YLR409C	IX
YGR090W	VI
YIL091C	VI
YDR324C	VI
YDR398W	VI
YER082C	VII
YGR128C	VII
YHR196W	VII
YEL040W	IV
YEL035C	I
YLR386W	VIII
YCL063W	VI
YNL054W	VI
YEL013W	VIII
YOR106W	VI
YDL077C	VI
YGL212W	VII
YGR094W	X
YBR293W	VIII
YDR119W	X
YIL056W	III
YIL135C	VIII
YGR065C	IV
YLR373C	IX
YGL227W	VII
YPL253C	VIII
YLR410W	X
YDL185W	X
YHR039C-A	X
YPL234C	X
YPR036W	VIII
YHR026W	IX
YBR127C	X
YHR060W	IV
YEL027W	X
YOR332W	X
YKL080W	X
YLR447C	X
YGR020C	IX
YHL035C	VI
YDR049W	VII
YGR106C	X
YOR270C	X
YKR001C	X
YLL040C	X
YBR097W	VIII
YPL045W	VIII
YOR132W	VIII
YMR077C	IV
YOR089C	VI
YJR102C	IV
YNR006W	VI
YPL065W	VIII
YHR012W	VI
YPL120W	VIII
YLR396C	VII
YLR240W	IV
YJL154C	VII
YPR173C	VIII
YGL095C	VI
YOR069W	VII
YDR486C	VIII
VPS66	VI
YOL129W	IX
YJR126C	IX
YML041C	VII
YDR485C	VI
YGL104C	IX
YDR372C	IV
YNL246W	V
YAL002W	VI
YML097C	VII
YGL225W	X
YLR181C	VIII
YER072W	IX
YFL004W	IV
YPL019C	IV
YJL012C	X
YMR197C	VII
YOR359W	IV
YOR043W	IX
YDL224C	IX
YOL097C	IV
YOL105C	IX
YHL028W	IX
YHR134W	VII
YOR229W	IX
YFL010C	IV
YLR090W	III
YGR194C	VIII
YGL173C	X
YDR369C	IX
YLR070C	IX
YJR067C	VII
YNL107W	VIII
YPL252C	VIII
YJL141C	VIII
YAL019W-A	VII
YAL026C-A	IX
YAL047W-A	I
YAL059C-A	II
YAL064W-B	I
YHR161C	VIII
YGR241C	IV
YHL009C	VIII
YIR018W	VII
YAR009C	X
YAR010C	X
YAR029W	VIII
YAR053W	II
YAR070C	I
YPL239W	VIII
YAR035W	II
YER024W	IV
YBL005W-A	IV
YBL005W-B	X
YBL010C	VI
YBL028C	VI
YBL029C-A	V
YBL029W	II
YBL039W-B	IX
YBL055C	IX
YBL059W	V
YBL071C	I
YBL073W	I
YBL081W	VIII
YBL083C	IX
YBL096C	IV
YBL100W-A	IV
YBL100W-B	X
YBL107C	VI
YBL111C	VIII
YBL113C	X
YBR216C	VIII
YBR012C	I
YBR012W-B	X
YBR013C	IV
YBR053C	VII
YBR056W	IV
YBR063C	VIII
YBR071W	VIII
YBR085C-A	VIII
YBR090C	V
YBR096W	VII
YBR126W-A	VI
YBR137W	IX
YBR138C	VI
YBR139W	X
YBR144C	I
YBR190W	V
YBR197C	VIII
YBR206W	IX
YBR209W	II
YBR220C	VIII
YBR225W	VIII
YBR230W-A	IV
YBR238C	III
YBR241C	IX
YBR242W	VIII
YBR255C-A	V
YBR259W	VI
YBR271W	VIII
YBR277C	I
YBR284W	II
YBR287W	VIII
YLL048C	VIII
YDR325W	VIII
YGR203W	II
YHR135C	VIII
YCL007C	I
YCL012C	V
YCL019W	X
YCL021W-A	X
YCL041C	VII
YCL042W	X
YCL048W-A	X
YCL049C	II
YCL065W	III
YCR007C	IV
YCR015C	III
YCR016W	VI
YCR018C-A	I
YCR022C	V
YCR024C-B	VIII
YCR025C	IV
YCR041W	I
YCR043C	VIII
YCR061W	I
YCR064C	II
YCR085W	III
YCR087C-A	IX
YCR097W-A	III
YCR101C	VIII
YLL055W	IV
YPL087W	VIII
YDL012C	V
YDL026W	V
YDL027C	VIII
YDL057W	VII
YDL063C	VI
YDL073W	VII
YDL085C-A	VII
YDL086C-A	I
YDL086W	VIII
YDL119C	II
YDL129W	VII
YDL156W	VII
YDL158C	IX
YDL172C	IX
YDL176W	VI
YDL177C	V
YDL183C	II
YDL185C-A	IV
YDL187C	I
YDL199C	IV
YDL211C	V
YDL241W	V
YDR008C	III
YDR026C	VII
YDR034C-C	IV
YDR034C-D	X
YDR048C	IV
YDR056C	VI
YDR098C-A	X
YDR098C-B	X
YDR124W	III
YDR132C	IV
YDR133C	IX
YDR154C	X
YDR157W	IX
YDR161W	VII
YDR170W-A	IV
YDR186C	VIII
YDR210C-C	X
YDR210C-D	X
YDR210W	VI
YDR210W-A	VII
YDR210W-B	X
YDR220C	III
YDR230W	I
YDR250C	I
YDR261C-C	X
YDR261C-D	X
YDR261W-A	VII
YDR261W-B	X
YDR262W	VIII
YDR266C	VIII
YDR278C	VIII
YDR306C	VII
YDR316W-A	X
YDR316W-B	X
YDR333C	X
YDR336W	VII
YDR338C	IX
YDR340W	IV
YDR341C	X
YDR348C	VI
YDR365W-A	X
YDR365W-B	X
YDR366C	II
YDR374W-A	VII
YDR379C-A	V
YDR381C-A	V
YDR387C	IV
YDR391C	II
YDR396W	I
YDR426C	I
YDR433W	IV
YDR444W	VI
YDR445C	II
YDR461C-A	V
YDR476C	II
YDR506C	III
YDR514C	IV
YDR524C-B	IX
YEL006W	VI
YLR249W	X
YLL012W	II
YEL020C	IX
YEL023C	VIII
YEL025C	X
YEL045C	III
YEL047C	IV
YEL057C	III
YEL073C	III
YEL076C	VIII
YEL076C-A	VIII
YEL077C	X
YBL060W	IX
YER041W	VII
YER010C	VIII
YER034W	III
YER038W-A	III
YER053C-A	VIII
YER064C	IV
YER067C-A	I
YER076C	IV
YER077C	VI
YER079W	IX
YER088C-A	X
YER097W	I
YER121W	II
YER134C	VI
YER137C	IX
YER137C-A	X
YER137W-A	I
YER138C	X
YER152C	X
YER156C	VIII
YER158C	IV
YER158W-A	III
YER159C-A	X
YER160C	X
YER163C	VIII
YER186C	X
YKL065C	VI
YMR040W	III
YDL072C	IX
YDL120W	IV
YFL002W-A	X
YFL002W-B	IV
YFL021C-A	IV
YFL032W	VIII
YFL042C	VII
YFL052W	IV
YFL054C	IV
YFL066C	X
YFR006W	IX
YFR016C	IV
YFR032C-B	III
YFR034W-A	IV
YFR035C	III
YFR039C	VIII
YFR045W	V
YFR052C-A	X
YOL128C	V
YGL036W	VIII
YGL041W-A	V
YGL072C	III
YGL088W	II
YGL108C	V
YGL109W	I
YGL114W	VIII
YGL117W	II
YGL118C	II
YGL140C	X
YGL152C	III
YGL176C	IX
YGL177W	IV
YGL182C	I
YGL188C-A	III
YGL199C	I
YGL217C	X
YGL239C	II
YGL242C	IX
YGR012W	VII
YGR016W	IV
YGR021W	VII
YGR022C	I
YGR025W	III
YGR026W	IX
YGR027W-A	X
YGR027W-B	X
YGR035C	II
YGR038C-A	X
YGR038C-B	X
YGR039W	III
YGR045C	III
YGR050C	III
YGR054W	IX
YGR069W	II
YGR079W	II
YGR093W	VI
YGR107W	III
YGR109W-B	VI
YGR117C	VII
YGR121W-A	II
YGR122W	IV
YGR125W	IX
YGR130C	VI
YGR137W	IX
YGR149W	VI
YGR153W	I
YGR160W	IX
YGR161C-C	X
YGR161C-D	X
YGR161W-A	IV
YGR161W-B	X
YGR161W-C	IV
YGR169C-A	VII
YGR174W-A	X
YGR176W	I
YGR250C	VIII
YGR266W	IX
YGR269W	III
YGR283C	VI
YHR029C	IV
YHR048W	III
YHL005C	III
YHL008C	VIII
YHL009W-A	VII
YHL009W-B	VI
YHL017W	IX
YHL018W	VII
YHL019W-A	III
YHL026C	VII
YHL042W	I
YHL050C	X
YDR451C	IV
YHR003C	VI
YHR007C-A	IX
YHR020W	X
YHR022C-A	II
YHR033W	IX
YHR049C-A	I
YHR054C	IV
YHR070C-A	III
YHR078W	VII
YHR080C	IX
YHR095W	IV
YHR097C	IV
YHR112C	III
YHR122W	VII
YHR140W	I
YHR145C	II
YHR162W	IX
YHR180W	III
YHR182W	VII
YHR210C	IV
YHR214C-B	X
YHR214C-C	X
YHR214C-E	I
YHR218W	X
YHR219W	VIII
YIL006W	IX
YIL001W	VIII
YIL002W-A	VI
YIL030W-A	IX
YIL047C-A	X
YIL055C	VIII
YIL082W-A	VIII
YIL089W	III
YIL100C-A	III
YIL100W	I
YIL102C-A	V
YIL108W	II
YIL141W	VII
YIL151C	VIII
YIL152W	IV
YIL156W-A	V
YIL156W-B	V
YIL161W	VI
YIL166C	VIII
YIL177C	VIII
YGR172C	X
YNL044W	VI
YGL198W	VII
YGL161C	IX
YIR014W	VII
YIR016W	IX
YIR018C-A	IX
YIR035C	VIII
YJL015C	III
YJL047C-A	I
YJL049W	VII
YJL055W	VII
YJL064W	II
YJL067W	I
YJL107C	II
YJL113W	VI
YJL118W	VII
YJL119C	I
YJL127C-B	IV
YJL132W	III
YJL133C-A	II
YJL135W	VII
YJL147C	VII
YJL156W-A	III
YJL160C	I
YJL181W	VIII
YJL193W	VIII
YJL213W	I
YJR003C	VII
YJR008W	IV
YJR012C	V
YJR015W	X
YJR018W	I
YJR026W	X
YJR027W	X
YJR028W	X
YJR029W	X
YJR030C	VII
YJR039W	VII
YJR054W	IX
YJR061W	IX
YJR071W	III
YJR085C	IX
YJR087W	IV
YJR112W-A	IX
YJR115W	X
YJR120W	VII
YJR124C	VII
YJR128W	III
YJR129C	IV
YJR141W	VIII
YJR146W	III
YJR149W	IV
YJR154W	III
YKL095W	VII
YKL094W	IX
YKL023W	VII
YKL027W	IV
YKL030W	II
YKL033W-A	X
YKL044W	III
YKL047W	VII
YKL063C	IV
YKL066W	IX
YKL068W-A	V
YKL069W	IV
YKL075C	VI
YKL077W	VII
YKL100C	VIII
YKL102C	II
YKL105C	VI
YKL106C-A	III
YKL115C	III
YKL118W	III
YKL151C	III
YKL165C-A	VII
YKR011C	VII
YKR015C	II
YKR018C	VIII
YKR041W	III
YKR045C	VIII
YKR051W	VII
YKR070W	X
YKR073C	III
YKR075C	VI
YKR075W-A	III
YKR096W	VIII
YMR284W	IV
YHL014C	VI
YLL032C	VIII
YLL037W	III
YLL047W	I
YLL059C	III
YLR001C	IX
YLR030W	II
YLR035C-A	X
YLR036C	V
YLR042C	II
YLR050C	IX
YLR063W	VII
YLR072W	IV
YLR099W-A	V
YLR108C	IV
YLR112W	III
YLR143W	IV
YLR146W-A	V
YLR154W-E	VII
YLR157C-A	X
YLR157C-B	X
YLR157W-D	I
YLR169W	III
YLR171W	II
YLR173W	IV
YLR177W	IX
YLR179C	IV
YLR194C	VIII
YLR211C	V
YLR224W	IX
YLR227W-A	X
YLR227W-B	X
YLR243W	IV
YLR255C	I
YLR257W	IV
YLR271W	VI
YLR278C	VIII
YLR280C	II
YLR281C	II
YLR283W	IX
YLR287C	VII
YLR290C	VI
YLR297W	II
YLR307C-A	II
YLR326W	II
YLR352W	IV
YLR361C-A	V
YLR363W-A	V
YLR366W	III
YLR400W	III
YLR407W	VII
YLR410W-A	IV
YLR410W-B	X
YLR412C-A	II
YLR415C	I
YLR416C	I
YLR419W	VI
YLR446W	IV
YLR455W	VI
YLR456W	V
YLR462W	IV
YLR464W	X
YPR058W	VIII
YBR104W	VII
YML038C	VIII
YPR024W	VIII
YMR302C	IX
YML002W	VIII
YML003W	VII
YML007C-A	III
YML009W-B	IX
YML012C-A	I
YML037C	VII
YML039W	X
YML040W	X
YML045W	X
YML045W-A	X
YML047W-A	IX
YML053C	IX
YML084W	II
YML101C-A	VII
YML108W	VI
YML116W-A	VIII
YML025C	IX
YMR001C-A	III
YMR010W	IX
YMR027W	VIII
YMR030W-A	IX
YMR031W-A	VIII
YMR034C	VIII
YMR045C	X
YMR046C	IV
YMR050C	X
YMR051C	X
YMR074C	VIII
YMR086W	VI
YMR087W	IV
YMR090W	IX
YMR099C	X
YMR102C	IV
YMR111C	VIII
YMR114C	V
YMR122C	I
YMR122W-A	VIII
YMR124W	VIII
YMR130W	VIII
YMR134W	V
YMR160W	VIII
YMR166C	IX
YMR173W-A	X
YMR181C	VIII
YMR187C	IX
YMR194C-A	VII
YMR196W	IX
YMR209C	X
YMR210W	IX
YMR221C	X
YMR226C	X
YMR245W	I
YMR252C	IX
YMR254C	I
YMR262W	VII
YMR290W-A	IX
YMR304C-A	IX
YMR306C-A	III
YMR310C	VIII
YMR315W	X
YMR316C-A	X
YMR321C	VIII
YER005W	IX
YOR064C	VI
YHR090C	VII
YKL067W	VII
YNL017C	I
YNL022C	VIII
YNL024C	III
YNL035C	II
YNL042W-B	I
YNL050C	VI
YNL054W-A	X
YNL092W	VII
YNL108C	IX
YNL115C	IX
YNL134C	X
YNL140C	VIII
YNL143C	IV
YNL146W	V
YNL155W	VII
YNL162W-A	V
YNL165W	IX
YNL179C	I
YNL198C	III
YNL208W	IX
YNL211C	V
YNL217W	IV
YNL228W	II
YNL234W	IX
YNL247W	X
YNL260C	VI
YNL276C	III
YNL277W-A	II
YNL284C-A	IV
YNL284C-B	X
YNL295W	I
YNR029C	VI
YNR048W	IX
YNR061C	IX
YNR063W	VII
YNR065C	VIII
YNR068C	IX
YNR073C	IV
YOL013W-A	IV
YOL014W	VI
YOL019W-A	I
YOL029C	IX
YOL035C	X
YOL037C	I
YOL057W	X
YOL073C	IX
YOL075C	IV
YOL085C	VII
YOL085W-A	III
YOL086W-A	II
YOL087C	IV
YOL092W	X
YOL097W-A	II
YOL103W-A	X
YOL103W-B	X
YOL106W	II
YOL107W	IV
YOL114C	I
YOL159C-A	IV
YPR028W	VIII
YOR015W	IX
YOR019W	IV
YOR021C	IX
YOR052C	IX
YOR062C	VII
YOR072W	III
YOR072W-A	I
YOR082C	II
YOR097C	VI
YOR105W	IX
YOR121C	X
YOR131C	IX
YOR142W-A	X
YOR142W-B	X
YOR152C	VII
YOR186C-A	I
YOR186W	III
YOR192C-A	IV
YOR192C-B	X
YOR199W	III
YOR200W	II
YOR203W	VII
YOR223W	IX
YOR225W	I
YOR248W	X
YOR262W	VIII
YOR277C	I
YOR292C	IV
YOR304C-A	V
YOR316C-A	III
YOR318C	III
YOR333C	II
YOR338W	IX
YOR343C	IV
YOR343W-A	VII
YOR343W-B	X
YOR364W	III
YOR365C	III
YOR390W	III
YER074W-A	V
YDR057W	VI
YML027W	VII
YBR183W	V
YDL235C	IX
YFR003C	VI
YMR104C	VIII
YBR028C	VIII
YOR291W	X
YPL014W	IV
YPL041C	IX
YPL066W	VI
YPL067C	III
YPL068C	IX
YPL071C	VI
YPL077C	IX
YPL088W	II
YPL107W	VIII
YPL108W	VI
YPL109C	IV
YPL114W	III
YPL150W	VIII
YPL162C	VII
YPL168W	V
YPL216W	IV
YPL222C-A	I
YPL225W	VIII
YPL245W	II
YPL247C	VIII
YPL250W-A	I
YPL251W	IX
YPL257W-A	X
YPL257W-B	X
YPL260W	VIII
YPL272C	VIII
YPL279C	IV
YGR198W	VIII
YPR010C-A	V
YPR011C	VI
YPR013C	VIII
YPR022C	VIII
YPR036W-A	IV
YPR039W	VII
YPR050C	III
YPR053C	VIII
YPR063C	VI
YPR071W	VIII
YPR077C	I
YPR078C	I
YPR089W	VIII
YPR091C	VIII
YPR096C	III
YPR097W	VIII
YPR098C	V
YDR368W	X
YPR108W-A	II
YPR114W	X
YPR117W	VIII
YPR137C-A	X
YPR137C-B	X
YPR147C	VIII
YPR148C	VIII
YPR150W	III
YPR158C-C	X
YPR158C-D	X
YPR158W-A	X
YPR158W-B	X
YPR169W-A	VI
YPR170C	II
YPR170W-B	VI
YPR174C	VIII
YPR202W	VII
YLR121C	IV
YDR349C	VIII
YBR264C	VII
YNL304W	VII
YER031C	VIII
YGL210W	VI
YHR105W	VII
YKR014C	VI
YLR262C	VII
YDR381W	IX
YDR002W	X
YGL164C	VII
YER190W	VIII
YGR296W	VII
YLR466W	X
YNL339C	VII
YPL283C	VII
YOR396W	VIII
YOR172W	VIII
YBR054W	VIII
YBR111C	IX
YHR017W	VII
YNL138W-A	V
YLR277C	VI
YHR155W	II
YDR326C	VIII
YOR003W	IV
YBR148W	IV
YBR162W-A	V
YMR089C	IX
YPL074W	VIII
YGR270W	VIII
YPR107C	VIII
YOR272W	IV
YOR087W	II
YIR026C	X
YJL056C	VII
YMR273C	VI
YNL310C	VII
YOL154W	VII
YER033C	IX
YGL255W	VII
YBR046C	IV
YGR285C	X
YNL241C	X
